{"cameraMode":{"drawMode":0,"name":"Shaded","section":"Shading Mode"},"sceneLighting":false,"audioPlay":false,"sceneViewState":{"showFog":true,"showMaterialUpdate":false,"showSkybox":true,"showFlares":true,"showImageEffects":true,"showParticleSystems":true},"in2DMode":false,"pivot":{"x":21.867982864379884,"y":4.546670913696289,"z":229.54176330566407},"rotation":{"x":-0.012465368025004864,"y":0.9565434455871582,"z":-0.28837427496910097,"w":-0.04134753346443176},"size":40.932037353515628,"orthographic":false}