{"cameraMode":{"drawMode":0,"name":"Shaded","section":"Shading Mode"},"sceneLighting":true,"audioPlay":false,"sceneViewState":{"showFog":true,"showMaterialUpdate":false,"showSkybox":true,"showFlares":true,"showImageEffects":true,"showParticleSystems":true},"in2DMode":false,"pivot":{"x":613.2072143554688,"y":48.425113677978519,"z":172.6422576904297},"rotation":{"x":0.1385352611541748,"y":0.7722318768501282,"z":-0.18032178282737733,"w":0.5932537913322449},"size":66.49039459228516,"orthographic":false}